username,password,firstname,lastname,picture
qmmbyine,kahzsfiz,Tyler,Dunn,https://randomuser.me/api/portraits/men/2.jpg
gxpnhaeq,zrrjnwhk,Deborah,Johnson,https://randomuser.me/api/portraits/women/3.jpg
yfgiacpt,pogvkrew,Levi,Williams,https://randomuser.me/api/portraits/men/46.jpg
owoyftei,rlkuvibu,Katelyn,Hill,https://randomuser.me/api/portraits/women/18.jpg
qsuboekp,vmdwvpey,Felicia,Reed,https://randomuser.me/api/portraits/women/39.jpg
hdysgnxk,llkqdncg,Tanya,Blevins,https://randomuser.me/api/portraits/women/41.jpg
gytdqtmn,hbnwhned,Brandon,Kelly,https://randomuser.me/api/portraits/men/7.jpg
muuhgqoj,nzjsfprb,Cindy,Duran,https://randomuser.me/api/portraits/women/45.jpg
yddfsbqb,lwhzcpee,Stacey,Mccullough,https://randomuser.me/api/portraits/women/41.jpg
gaxhpsau,ldarwssz,Tracy,Colon,https://randomuser.me/api/portraits/women/5.jpg
otzanuhc,hkianfnc,Barbara,Tucker,https://randomuser.me/api/portraits/women/9.jpg
escgqxvt,sitlocam,Christina,Horne,https://randomuser.me/api/portraits/women/24.jpg
lnmxhlti,weacfcaf,Scott,Munoz,https://randomuser.me/api/portraits/men/44.jpg
vjkxuuqw,mbhdxkoe,Teresa,Alvarez,https://randomuser.me/api/portraits/women/36.jpg
lbxwouhh,wytjlain,Holly,Schwartz,https://randomuser.me/api/portraits/women/11.jpg
twtiixpx,aphqimav,Ryan,Rhodes,https://randomuser.me/api/portraits/men/10.jpg
pswwjexq,eaxpdgad,Mark,Rhodes,https://randomuser.me/api/portraits/men/8.jpg